{
  "best_model": "SVM (RBF)",
  "best_accuracy": 96.67,
  "all_results": {
    "Random Forest": {
      "accuracy": 90.0,
      "cv_mean": 95.0,
      "cv_std": 1.67,
      "confusion_matrix": [
        [
          10,
          0,
          0
        ],
        [
          0,
          9,
          1
        ],
        [
          0,
          2,
          8
        ]
      ],
      "classification_report": {
        "setosa": {
          "precision": 1.0,
          "recall": 1.0,
          "f1-score": 1.0,
          "support": 10.0
        },
        "versicolor": {
          "precision": 0.8181818181818182,
          "recall": 0.9,
          "f1-score": 0.8571428571428571,
          "support": 10.0
        },
        "virginica": {
          "precision": 0.8888888888888888,
          "recall": 0.8,
          "f1-score": 0.8421052631578947,
          "support": 10.0
        },
        "accuracy": 0.9,
        "macro avg": {
          "precision": 0.9023569023569024,
          "recall": 0.9,
          "f1-score": 0.899749373433584,
          "support": 30.0
        },
        "weighted avg": {
          "precision": 0.9023569023569024,
          "recall": 0.9,
          "f1-score": 0.8997493734335839,
          "support": 30.0
        }
      }
    },
    "SVM (RBF)": {
      "accuracy": 96.67,
      "cv_mean": 96.67,
      "cv_std": 3.12,
      "confusion_matrix": [
        [
          10,
          0,
          0
        ],
        [
          0,
          9,
          1
        ],
        [
          0,
          0,
          10
        ]
      ],
      "classification_report": {
        "setosa": {
          "precision": 1.0,
          "recall": 1.0,
          "f1-score": 1.0,
          "support": 10.0
        },
        "versicolor": {
          "precision": 1.0,
          "recall": 0.9,
          "f1-score": 0.9473684210526315,
          "support": 10.0
        },
        "virginica": {
          "precision": 0.9090909090909091,
          "recall": 1.0,
          "f1-score": 0.9523809523809523,
          "support": 10.0
        },
        "accuracy": 0.9666666666666667,
        "macro avg": {
          "precision": 0.9696969696969697,
          "recall": 0.9666666666666667,
          "f1-score": 0.9665831244778612,
          "support": 30.0
        },
        "weighted avg": {
          "precision": 0.9696969696969696,
          "recall": 0.9666666666666667,
          "f1-score": 0.9665831244778613,
          "support": 30.0
        }
      }
    },
    "K-Nearest Neighbors": {
      "accuracy": 93.33,
      "cv_mean": 96.67,
      "cv_std": 3.12,
      "confusion_matrix": [
        [
          10,
          0,
          0
        ],
        [
          0,
          10,
          0
        ],
        [
          0,
          2,
          8
        ]
      ],
      "classification_report": {
        "setosa": {
          "precision": 1.0,
          "recall": 1.0,
          "f1-score": 1.0,
          "support": 10.0
        },
        "versicolor": {
          "precision": 0.8333333333333334,
          "recall": 1.0,
          "f1-score": 0.9090909090909091,
          "support": 10.0
        },
        "virginica": {
          "precision": 1.0,
          "recall": 0.8,
          "f1-score": 0.8888888888888888,
          "support": 10.0
        },
        "accuracy": 0.9333333333333333,
        "macro avg": {
          "precision": 0.9444444444444445,
          "recall": 0.9333333333333332,
          "f1-score": 0.9326599326599326,
          "support": 30.0
        },
        "weighted avg": {
          "precision": 0.9444444444444445,
          "recall": 0.9333333333333333,
          "f1-score": 0.9326599326599326,
          "support": 30.0
        }
      }
    },
    "Logistic Regression": {
      "accuracy": 93.33,
      "cv_mean": 95.83,
      "cv_std": 2.64,
      "confusion_matrix": [
        [
          10,
          0,
          0
        ],
        [
          0,
          9,
          1
        ],
        [
          0,
          1,
          9
        ]
      ],
      "classification_report": {
        "setosa": {
          "precision": 1.0,
          "recall": 1.0,
          "f1-score": 1.0,
          "support": 10.0
        },
        "versicolor": {
          "precision": 0.9,
          "recall": 0.9,
          "f1-score": 0.9,
          "support": 10.0
        },
        "virginica": {
          "precision": 0.9,
          "recall": 0.9,
          "f1-score": 0.9,
          "support": 10.0
        },
        "accuracy": 0.9333333333333333,
        "macro avg": {
          "precision": 0.9333333333333332,
          "recall": 0.9333333333333332,
          "f1-score": 0.9333333333333332,
          "support": 30.0
        },
        "weighted avg": {
          "precision": 0.9333333333333333,
          "recall": 0.9333333333333333,
          "f1-score": 0.9333333333333333,
          "support": 30.0
        }
      }
    },
    "Gradient Boosting": {
      "accuracy": 96.67,
      "cv_mean": 95.83,
      "cv_std": 2.64,
      "confusion_matrix": [
        [
          10,
          0,
          0
        ],
        [
          0,
          9,
          1
        ],
        [
          0,
          0,
          10
        ]
      ],
      "classification_report": {
        "setosa": {
          "precision": 1.0,
          "recall": 1.0,
          "f1-score": 1.0,
          "support": 10.0
        },
        "versicolor": {
          "precision": 1.0,
          "recall": 0.9,
          "f1-score": 0.9473684210526315,
          "support": 10.0
        },
        "virginica": {
          "precision": 0.9090909090909091,
          "recall": 1.0,
          "f1-score": 0.9523809523809523,
          "support": 10.0
        },
        "accuracy": 0.9666666666666667,
        "macro avg": {
          "precision": 0.9696969696969697,
          "recall": 0.9666666666666667,
          "f1-score": 0.9665831244778612,
          "support": 30.0
        },
        "weighted avg": {
          "precision": 0.9696969696969696,
          "recall": 0.9666666666666667,
          "f1-score": 0.9665831244778613,
          "support": 30.0
        }
      }
    }
  },
  "feature_names": [
    "sepal length (cm)",
    "sepal width (cm)",
    "petal length (cm)",
    "petal width (cm)"
  ],
  "target_names": [
    "setosa",
    "versicolor",
    "virginica"
  ],
  "dataset_info": {
    "total_samples": 150,
    "train_samples": 120,
    "test_samples": 30,
    "num_features": 4,
    "num_classes": 3
  }
}